index,ax,ay,az,gx,gy,gz
0,0.40796798,0.84570396,-0.538264,53.760002,-91.98,160.37
1,0.398208,0.84375197,-0.527528,49.7,-92.19,160.58
2,0.385032,0.835456,-0.518256,45.57,-92.47,160.58
3,0.371368,0.832528,-0.508496,41.72,-92.75,160.93001
4,0.358192,0.82716,-0.49141598,37.59,-93.17,161.21
5,0.349408,0.820328,-0.486536,33.53,-93.45,161.28
6,0.337696,0.81593597,-0.46848,29.47,-93.8,161.35
7,0.32305598,0.809592,-0.457256,25.48,-94.08,161.77
8,0.3172,0.799832,-0.44652,21.56,-94.57,161.91
9,0.31183198,0.791048,-0.421632,17.64,-95.13,162.4
10,0.305488,0.78812,-0.406504,14.0,-95.69,162.4
11,0.302072,0.77787197,-0.38893598,10.36,-96.18,162.82
12,0.298656,0.775432,-0.36551198,6.79,-96.95,163.1
13,0.298656,0.765184,-0.34892,3.5,-97.65,163.31
14,0.297192,0.758352,-0.334768,0.14,-98.56,163.66
15,0.29523998,0.75396,-0.319152,-2.94,-99.26,164.01
16,0.29523998,0.74859196,-0.29621598,-6.02,-100.03,164.29
17,0.29182398,0.74322397,-0.277672,-8.96,-101.15,164.64
18,0.293776,0.738344,-0.255712,-11.76,-101.85,164.85
19,0.29036,0.732488,-0.23960799,-14.63,-102.9,165.2
20,0.28792,0.730536,-0.213256,-17.5,-103.88,165.55
21,0.284504,0.729072,-0.199104,-20.37,-104.93,165.76
22,0.28401598,0.730536,-0.18153599,-23.17,-105.98,166.18001
23,0.28401598,0.72468,-0.155672,-26.04,-106.82,166.39
24,0.287432,0.728096,-0.139568,-29.12,-107.94,166.74
25,0.28304,0.72614396,-0.127368,-32.13,-108.99,167.09
26,0.287432,0.729072,-0.108336,-35.35,-109.97,167.23
27,0.28840798,0.745664,-0.094184,-38.78,-111.090004,167.65
28,0.287432,0.753472,-0.088816,-42.14,-112.07,168.07
29,0.281088,0.766648,-0.0732,-45.71,-113.05,168.28
30,0.280112,0.77982396,-0.061488,-49.49,-113.89,168.77
31,0.275232,0.786168,-0.057095997,-53.41,-114.8,169.05
32,0.272304,0.795928,-0.042944,-57.54,-115.64,169.33
33,0.271328,0.80227196,-0.030744,-62.02,-116.62,169.54
34,0.274744,0.808128,-0.027816,-66.5,-117.39,169.4
35,0.281088,0.816424,-0.020008,-71.33,-118.37,169.68001
36,0.285968,0.82667196,-0.007808,-76.23,-119.28,169.4
37,0.296704,0.837408,-0.00732,-81.340004,-120.12,168.98
38,0.308904,0.848144,-0.00244,-86.590004,-121.1,168.84
39,0.3172,0.855464,0.007808,-91.77,-122.01,168.35
40,0.33086398,0.86815196,0.022448,-97.02,-122.85,168.28
41,0.34208798,0.882792,0.028304,-102.13,-124.04,167.93001
42,0.361608,0.89255196,0.032208,-107.31,-124.88,167.51
43,0.380152,0.90279996,0.04392,-112.21,-126.0,167.09
44,0.398696,0.914024,0.055143997,-117.11,-126.840004,166.74
45,0.410896,0.91988,0.068808,-121.8,-127.96,165.9
46,0.42016798,0.929152,0.090767995,-126.14,-129.29,165.55
47,0.435296,0.933056,0.101016,-130.48,-130.34,164.85
48,0.44798398,0.935008,0.116144,-134.47,-131.6,164.36
49,0.451888,0.935008,0.140056,-138.18001,-132.86,163.59
50,0.464088,0.936472,0.157136,-141.54,-134.19,162.68001
51,0.48312,0.938424,0.166408,-144.69,-135.45,162.05
52,0.492392,0.926224,0.18885599,-147.49,-136.92,161.35
53,0.516792,0.939888,0.21472,-150.08,-138.39,160.72
54,0.541192,0.939888,0.229848,-152.53,-139.79,160.23
55,0.570472,0.928176,0.24399999,-154.63,-141.47,159.6
56,0.59292,0.921344,0.26596,-156.59,-142.66,159.25
57,0.61487997,0.909144,0.289872,-158.41,-144.27,158.9
58,0.635376,0.89792,0.30060798,-160.23,-145.67,158.48
59,0.651968,0.890112,0.32744798,-161.91,-147.28,158.76
60,0.657336,0.88035196,0.35867998,-163.38,-148.68001,158.62
61,0.66172796,0.843264,0.362584,-164.92,-150.08,158.55
62,0.665632,0.834968,0.39430398,-166.25,-151.55,158.9
63,0.66612,0.83155197,0.43188,-167.65,-152.88,158.83
64,0.664656,0.82130396,0.450424,-168.98,-154.35,159.32
65,0.66514397,0.82667196,0.455304,-170.31,-155.75,159.81
66,0.662704,0.83204,0.484096,-171.78,-156.87,160.3
67,0.655872,0.82667196,0.49532,-173.25,-158.34,161.35
68,0.645136,0.82667196,0.496784,-175.0,-159.32,161.91
69,0.645624,0.820328,0.52459997,-176.89,-160.37,162.68001
70,0.654408,0.820816,0.542656,-179.27,-161.56,163.8
71,0.66709596,0.820816,0.532896,-181.93001,-162.47,164.43001
72,0.68417597,0.82228,0.548512,-185.22,-163.38,165.48
73,0.71004,0.837896,0.559736,-189.0,-164.29,166.25
74,0.728096,0.84570396,0.549488,-193.2,-165.06,167.09
75,0.75883996,0.848144,0.54656,-198.17,-165.62,168.0
76,0.793,0.861808,0.552904,-203.35,-166.11,168.63
77,0.832528,0.869616,0.559736,-209.02,-166.67,169.61
78,0.879864,0.87693596,0.554368,-214.83,-167.02,170.24
79,0.929152,0.89059997,0.572424,-220.57,-167.51,170.73
80,0.98283195,0.90524,0.57584,-226.17,-167.93001,171.15
81,1.02968,0.905728,0.58316,-231.35,-168.49,171.57
82,1.065792,0.88816,0.548512,-236.18001,-168.7,171.57
83,1.10288,0.896456,0.561688,-240.8,-168.98,171.92
84,1.14436,0.909144,0.589992,-245.28,-168.91,171.64
85,1.192184,0.910608,0.577792,-249.69,-169.12,171.78
86,1.2444,0.92866397,0.571936,-253.68001,-169.19,171.5
87,1.276608,0.931104,0.60024,-257.18,-168.98,171.15
88,1.306864,0.900848,0.58804,-260.75,-168.98,171.01
89,1.337608,0.929152,0.559736,-263.62,-168.63,170.73
90,1.372744,0.93256795,0.599752,-266.14,-168.07,170.52
91,1.40056,0.91304797,0.613904,-268.17,-167.72,170.52
92,1.4293519,0.93744797,0.579744,-269.57,-167.23,170.03
93,1.495232,0.947696,0.60512,-270.2,-166.67,169.89
94,1.5625759,0.962824,0.626592,-270.13,-166.11,170.17
95,1.598688,0.93403196,0.61,-269.29,-165.55,170.59
96,1.652856,1.098488,0.586576,-266.49,-164.99,172.06
97,1.7660719,0.925736,0.63684,-262.5,-164.43001,173.81
98,1.671888,1.21268,0.614392,-255.64,-164.22,176.96
99,1.557696,0.801296,0.58072,-249.62,-163.38,178.99
100,1.464488,0.670024,0.657824,-242.97,-162.4,180.18001
101,1.39568,0.91841596,0.594384,-236.88,-161.0,181.09
102,1.361032,0.645136,0.74859196,-231.07,-159.6,181.58
103,1.3844559,0.710528,0.706136,-224.98,-158.41,182.14
104,1.4566799,0.96867996,0.614392,-219.87,-156.52,182.77
105,1.5616,0.76420796,0.7808,-215.53,-154.0,183.47
106,1.66896,0.799832,0.628056,-211.68001,-151.76,184.52
107,1.774856,0.89938396,0.63391197,-208.46,-148.89,185.85
108,1.8651359,0.774944,0.76225597,-206.08,-145.46,187.04
109,1.9319919,0.870592,0.66367996,-204.68001,-142.45,188.65
110,1.986648,0.96721596,0.73297596,-204.12,-138.95,189.77
111,2.046184,0.85936797,0.765184,-205.03,-135.03,191.1
112,2.087664,0.915976,0.7686,-206.36,-131.53,192.71
113,2.1227999,0.94476795,0.78568,-208.11,-127.54,194.18001
114,2.1608639,0.86278397,0.75542396,-210.49,-123.48,195.93001
115,2.20332,0.97404796,0.88816,-212.59,-119.42,197.54
116,2.253584,0.975024,0.836432,-214.83,-115.22,198.73
117,2.319464,0.924272,0.834968,-216.79001,-110.53,200.13
118,2.395592,1.031632,0.979904,-217.77,-105.77,201.39
119,2.478064,1.022848,0.89401597,-218.4,-100.87,202.37
120,2.566392,1.037488,0.942328,-217.91,-95.41,203.63
121,2.674728,1.11996,1.00528,-216.44,-89.6,204.4
122,2.78404,1.147776,0.97746396,-214.55,-83.93,205.87
123,2.8943279,1.1809599,1.055544,-211.12,-77.49,206.99
124,2.997784,1.233176,1.043344,-206.92,-71.05,208.11
125,3.09148,1.312232,1.126792,-201.81,-64.05,209.72
126,3.178344,1.330776,1.187792,-195.79,-56.84,211.19
127,3.2637439,1.348344,1.162416,-189.21,-49.49,213.01
128,3.3642719,1.425936,1.2868559,-181.86,-41.37,214.48
129,3.468216,1.39568,1.2839279,-174.44,-32.97,215.67
130,3.5785038,1.443504,1.2975919,-166.95,-23.8,217.07
131,3.691232,1.49572,1.397632,-159.53,-14.14,218.4
132,3.800544,1.492304,1.39568,-152.81,-3.85,219.59
133,3.9020479,1.5245119,1.44448,-146.51,6.7200003,220.99
134,3.990376,1.56892,1.4986479,-140.77,18.2,222.18001
135,4.06748,1.589904,1.5337839,-136.15,30.17,223.58
136,4.162152,1.645048,1.6099119,-132.16,42.49,225.05
137,4.266584,1.6494399,1.5923439,-129.5,55.65,226.45
138,4.363696,1.704096,1.6670079,-128.1,69.37,228.34
139,4.463736,1.734352,1.706048,-128.59,83.58,230.16
140,4.566216,1.710928,1.6753039,-130.9,98.21,232.12
141,4.666256,1.7538719,1.7646079,-135.24,113.47,234.29001
142,4.76044,1.774856,1.758264,-141.68001,129.15,236.46
143,4.8404717,1.762656,1.7499679,-150.08,145.32,238.98
144,4.9356318,1.7919359,1.780712,-160.37,162.26,241.71
145,5.024448,1.796816,1.755824,-172.76,179.55,244.51
146,5.1249757,1.7811999,1.74216,-186.83,197.33,248.22
147,5.221112,1.8070639,1.7021439,-202.16,215.88,251.79001
148,5.313344,1.8095039,1.6587119,-218.54001,234.99,255.92
149,5.438272,1.809992,1.6465119,-235.41,254.8,260.61002
150,5.5495358,1.8314639,1.58356,-252.14,275.03,265.65
151,5.6627517,1.7714399,1.533296,-268.45,295.96,271.53
152,5.797928,1.7987679,1.494256,-283.15,317.24,277.76
153,5.922856,1.805112,1.3981199,-296.59,339.29,284.41
154,6.0599837,1.745088,1.380064,-308.0,361.62,291.83
155,6.205408,1.7485039,1.306376,-317.03,384.09,299.25
156,6.361568,1.738744,1.2434239,-323.54,406.98,307.37
157,6.504064,1.709952,1.236104,-327.39,429.94,316.05
158,6.64168,1.7689999,1.15656,-329.07,453.04,325.08
159,6.9964557,1.643584,1.2107279,-329.56,475.65,334.46
160,7.3273196,1.470344,1.109712,-328.93,498.05,342.93
161,7.543992,1.647488,0.69295996,-325.57,521.71,351.19
162,7.859728,1.653832,0.65147996,-318.78,547.47003,359.87
163,8.196447,1.607472,0.687104,-308.28,573.58,368.62
164,8.475096,1.748016,0.411872,-294.28,599.55,377.72
165,8.709336,1.688968,0.385032,-277.34,626.5,386.89
166,8.98652,1.66408,0.455304,-257.67,653.31,395.57
167,9.3168955,1.7973039,0.22204,-235.83,679.42,404.18
168,9.6809435,1.740696,0.086376,-212.1,706.65,412.37
169,10.081592,1.73972,0.093208,-186.97,734.23,419.93
170,10.5066395,1.870992,-0.096624,-161.21,761.32,427.49
171,10.912168,1.83488,-0.30060798,-135.03,789.25,434.28
172,11.325016,1.909544,-0.333792,-108.57,817.81,440.37
173,11.739816,2.032032,-0.44115198,-82.74,846.44,445.76
174,12.162424,1.9724959,-0.694424,-58.1,874.86,450.17
175,12.586008,2.086688,-0.737856,-34.37,903.91003,454.16
176,13.046192,2.202344,-0.84375197,-12.04,932.82,456.96
177,13.513207,2.161352,-1.110688,8.89,961.52,458.71
178,14.010967,2.257976,-1.2107279,28.35,990.71,459.83002
179,14.526784,2.407304,-1.2229279,46.34,1019.06,459.41
180,15.046016,2.3370318,-1.549888,62.79,1046.64,458.01
181,15.5672,2.4522,-1.7065359,77.840004,1074.08,455.56
182,15.953695,2.650328,-1.707024,92.05,1100.68,451.99
183,15.965407,2.684488,-1.9427279,104.65,1125.39,448.28
184,15.965407,2.727432,-2.205272,116.2,1149.68,443.24
185,15.965407,2.8806639,-2.341424,127.54,1173.34,437.29
186,15.965407,2.919216,-2.4863598,138.32,1195.53,430.78
187,15.965407,2.9182398,-2.865048,149.38,1216.74,422.94
188,15.965407,3.0055919,-3.0744,161.56,1237.95,413.77
189,15.965407,2.9567919,-3.243248,175.21,1257.9,402.71
190,15.965407,2.946544,-3.4701679,190.82,1276.73,389.62
191,15.965407,2.9348319,-3.922056,209.51,1294.51,374.71
192,15.965407,2.982656,-3.968904,232.54001,1311.9401,357.28
193,15.965407,2.939224,-4.2646317,259.98,1327.2,337.68
194,15.965407,2.955328,-4.62136,292.11002,1341.34,316.12
195,15.965407,2.878224,-4.8107038,328.93,1355.27,291.9
196,15.965407,2.747928,-4.926848,369.67,1367.24,265.09
197,15.965407,2.72792,-5.243072,413.98,1377.32,235.2
198,15.965407,2.682536,-5.462184,462.07,1386.49,202.65
199,15.965407,2.4678159,-5.640304,513.31,1393.63,167.58
200,0.278648,-0.213744,-11.218143,280.98,1004.78,158.2
201,-4.740432,0.543144,-15.978096,-1366.82,117.88,136.92
202,-2.748416,1.358104,-3.880576,-1085.35,-611.38,209.02
203,1.976888,5.037136,11.477759,-723.73,4.41,151.76
204,1.460096,8.804008,-6.650952,-550.34,23.94,118.44
205,5.514888,-15.9888315,1.4400879,-551.6,-22.12,131.74
206,-1.154608,-5.0249357,6.0575438,-373.87,-126.49,259.07
207,1.496208,15.492047,-2.1550078,-390.18,-192.15,133.28
208,-2.814784,-5.284552,-4.229496,-268.17,148.19,154.21
209,-1.7592399,-5.3128557,-1.4552159,-181.3,-369.81,234.36
210,0.98283195,5.269912,4.473984,-24.43,-34.3,263.34
211,3.490664,1.197552,-2.697664,75.95,-331.52,124.81
212,4.338808,-0.059047997,-0.77640796,137.9,263.9,194.95
213,1.5176799,7.582544,7.3082876,94.5,-50.54,346.92
214,2.243824,-2.299944,-8.1949835,36.61,-21.42,303.17
215,-3.929864,-2.88896,-4.001112,107.520004,209.93001,289.24
216,-0.630008,1.8924639,2.09352,157.22,-68.32,347.83
217,-1.986648,-3.7444239,-4.394928,186.13,83.65,434.7
218,0.43675998,-0.843264,-5.134736,310.1,-233.87,390.18
219,3.188592,3.4238079,-1.850984,569.94,444.57,254.66
220,1.836344,1.8787999,1.753384,653.17,58.38,285.18
221,0.557296,-0.616832,-4.699928,654.22003,218.4,320.53
222,-2.101816,0.247904,-8.595632,873.53,255.5,315.14
223,0.65636,0.986736,6.839808,1094.87,209.86,227.64
224,-1.175104,-7.738216,-2.126704,1150.73,303.03,265.79
225,3.9074159,0.071736,-10.646208,1130.78,66.22,271.25
226,3.4779758,1.629432,2.178432,1305.78,463.33002,218.05
227,3.8361678,-0.654408,0.63684,1393.21,230.37,172.69
228,2.9372718,5.308464,0.106872,1350.02,431.06,157.99
229,1.122888,5.005416,-4.76044,1319.5,299.6,140.77
230,1.2839279,-0.120048,3.294976,1359.1901,286.58,110.81
231,2.069608,-0.999424,-0.93939996,1356.18,351.61002,75.6
232,3.71856,-0.93256795,-7.4200397,1310.75,351.96,43.05
233,4.6482,0.062952,3.2310479,1281.56,459.41,35.56
234,4.009408,1.03456,-6.189304,1232.63,364.49,16.59
235,3.646824,2.080832,-3.856176,1192.17,458.64,-22.47
236,2.54736,4.50668,3.275944,1161.16,439.11002,-42.49
237,1.601616,-0.230336,-4.95076,1084.23,441.14,-42.56
238,2.2965279,-1.332728,0.544608,1042.79,441.49,-61.74
239,2.667896,-0.957456,-1.813896,976.57,449.82,-95.2
240,3.466752,-1.56892,-5.457304,903.07,464.38,-107.8
241,3.310592,1.565504,-0.008296,862.33,468.58002,-108.64
242,2.694248,1.697264,-7.43224,798.28,452.34,-125.79
243,1.5108479,1.3912879,-0.64416,754.11,446.32,-143.29
244,1.469368,-0.055143997,-0.748104,707.0,427.49,-149.66
245,1.5542799,-2.650328,-5.869176,647.5,412.65,-154.49
246,2.039352,-1.701656,1.681648,607.25,414.54,-161.07
247,2.77916,-1.511824,-5.237216,550.83,403.55,-175.77
248,2.646424,0.342576,-3.145648,510.79,399.21,-182.21
249,1.99348,1.6723759,-0.808128,477.12,393.82,-176.47
250,1.55672,0.210816,-5.949696,432.18,374.78,-177.8
251,1.2731919,-0.94916,0.515816,416.85,366.8,-187.67
252,1.194624,-2.820152,-3.88448,383.25,352.31,-187.88
253,1.79096,-2.9889998,-3.492128,359.03,340.9,-182.0
254,1.903688,-1.116544,-0.159088,352.1,339.5,-184.03
255,1.66652,-0.602192,-5.972632,332.01,323.26,-188.37
256,1.325408,0.765184,-0.648064,338.03,318.29,-182.28
257,0.87596,0.044408,-2.448296,338.73,302.19,-176.19
258,0.60756,-1.894904,-4.207048,336.35,284.76,-174.51
259,0.773968,-2.053992,0.260104,349.86002,277.06,-173.88
260,1.0721359,-2.568832,-5.03616,350.21,260.19,-173.18001
261,1.2053599,-1.483032,-1.813896,365.05,253.12,-166.95
262,1.128744,-0.19275999,-1.9100319,380.94,243.25,-162.68001
263,0.97844,-0.53875196,-4.637464,390.6,226.66,-163.94
264,0.705648,-0.49288,0.13468799,412.23,217.77,-160.16
265,0.637816,-1.7324,-3.746376,414.47,199.71,-153.86
266,0.8662,-2.22772,-2.149152,423.08,187.53,-153.44
267,0.9882,-1.557696,-0.823744,430.85,179.41,-154.84
268,1.019432,-1.2975919,-4.5335197,424.69,164.36,-152.25
269,0.984784,-0.30743998,-0.45481598,432.88,159.11,-147.35
270,0.728096,-0.554368,-2.885056,428.33,146.02,-145.95
271,0.563152,-1.2175599,-2.723528,422.38,133.98,-145.11
272,0.65392,-1.3180879,-0.0976,421.19,126.770004,-142.45
273,0.728584,-1.9197919,-3.755648,405.02,113.61,-140.0
274,0.80276,-1.15656,-0.662216,398.3,108.99,-137.69
275,0.877424,-0.589992,-1.770952,387.45,101.85,-136.85
276,0.761768,-0.61829597,-2.974848,374.01,92.89,-135.03
277,0.611952,-0.29182398,0.096136,368.62,89.39,-129.78
278,0.63196,-1.13948,-2.9675279,351.68,78.89,-127.54
279,0.630984,-1.294176,-0.989176,342.3,74.13,-127.4
280,0.68564,-1.0340719,-0.86864,330.75,70.21,-124.39
281,0.781776,-1.012112,-2.85968,315.0,63.63,-120.4
282,0.72224,-0.210816,0.098087996,310.73,63.77,-118.44
283,0.589504,-0.323544,-2.263344,297.15,58.170002,-116.270004
284,0.532408,-0.536312,-1.3180879,288.33,55.16,-112.63
285,0.469944,-0.559736,-0.172264,282.45,54.04,-109.55
286,0.476288,-1.029192,-2.556632,268.45,48.58,-107.24
287,0.536312,-0.555344,0.01952,264.53,50.12,-104.93
288,0.530456,-0.34208798,-1.46644,256.06,48.16,-102.69
289,0.44798398,-0.270352,-1.6250399,248.08,46.62,-99.19
290,0.381616,0.015616,0.175192,246.33,48.23,-96.11
291,0.345016,-0.465552,-2.094496,236.95,44.03,-95.13
292,0.335744,-0.439688,-0.148352,233.66,44.73,-92.61
293,0.38893598,-0.395768,-0.68271196,227.43001,43.68,-90.090004
294,0.445544,-0.41675198,-1.603568,219.1,41.58,-88.69
295,0.43432,0.060024,0.357216,217.0,43.68,-87.36
296,0.4148,-0.0854,-1.6235759,207.41,40.670002,-85.33
297,0.430416,-0.072712,-0.427,202.44,40.53,-83.51
298,0.42212,-0.11712,-0.162016,196.14,40.32,-82.46
299,0.469944,-0.420656,-1.572336,184.59,37.1,-81.55
300,0.55241597,-0.111264,0.362584,179.48,38.64,-80.43
301,0.58316,-0.12932,-1.1170319,168.0,36.68,-79.45
302,0.594872,-0.037088,-0.731512,157.99,35.77,-78.12
303,0.62171197,0.13419999,0.135664,150.22,36.19,-77.56
304,0.605608,-0.20056799,-1.467904,136.15,33.32,-77.21
305,0.62707996,-0.105408,0.14884,127.05,33.81,-75.81
306,0.689056,-0.198616,-0.679784,114.38,32.41,-75.53
307,0.71492,-0.262544,-0.965752,101.36,30.87,-75.6
308,0.740784,0.017568,0.19764,92.26,31.99,-74.76
309,0.757864,-0.096624,-1.3029599,78.82,29.960001,-74.48
310,0.738344,-0.028304,-0.081984,70.21,30.17,-73.99
311,0.716384,-0.059047997,-0.325008,60.27,29.19,-73.5
312,0.725168,-0.25375998,-1.07848,49.0,27.16,-72.8
313,0.705648,-0.060024,0.26937598,42.7,28.210001,-72.03
314,0.68954396,-0.13908,-1.022848,32.55,26.53,-71.47
315,0.6832,-0.049776,-0.36844,26.11,26.32,-70.49
316,0.64904,0.064904,-0.054656,21.0,26.6,-69.72
317,0.61487997,-0.11712,-1.057496,12.95,24.5,-68.67
318,0.603656,-0.002928,0.205936,10.08,25.2,-66.99
319,0.59292,-0.101016,-0.68564,4.34,24.01,-66.29
320,0.584624,-0.093208,-0.53924,0.0,23.52,-64.82
321,0.58364797,0.080032,0.111751996,-1.6800001,24.15,-63.14
322,0.57096,-0.026352,-0.97209597,-6.3,22.61,-62.09
323,0.54656,0.099552,0.069296,-6.79,23.45,-60.27
324,0.538264,0.051728,-0.387472,-9.03,23.03,-58.73
325,0.540704,-0.032696,-0.648552,-11.34,22.12,-57.05
326,0.535824,0.116632,0.21716,-10.78,23.17,-55.16
327,0.538264,0.0244,-0.787632,-13.51,22.05,-53.760002
328,0.536312,0.135176,-0.092232,-13.2300005,22.68,-51.87
329,0.513864,0.18056,-0.15128,-13.440001,22.960001,-50.05
330,0.504104,0.082959995,-0.693448,-15.12,22.26,-48.51
331,0.504592,0.20056799,0.213256,-13.86,23.59,-46.69
332,0.488976,0.117607996,-0.582184,-15.82,23.03,-45.15
333,0.481656,0.166896,-0.23521599,-16.24,23.73,-43.12
334,0.47823998,0.271328,0.029768,-16.17,24.85,-41.23
335,0.45481598,0.193248,-0.68271196,-18.48,24.57,-39.69
336,0.430416,0.313784,0.14249599,-18.06,26.32,-37.31
337,0.410408,0.26839998,-0.381616,-19.81,26.74,-35.56
338,0.37088,0.241072,-0.36648798,-21.49,27.51,-33.46
339,0.345016,0.33672,0.125904,-22.12,29.26,-31.01
340,0.31476,0.259128,-0.605608,-25.55,29.68,-29.26
341,0.269864,0.348432,0.017568,-26.95,31.5,-27.09
342,0.22838399,0.352336,-0.218624,-29.89,32.97,-24.99
343,0.182512,0.305976,-0.46262398,-33.6,34.09,-23.1
344,0.13468799,0.386496,0.125904,-35.91,36.54,-20.79
345,0.097112,0.304512,-0.526064,-40.81,37.8,-18.9
346,0.06588,0.35136,-0.12444,-44.31,39.97,-16.87
347,0.031719998,0.38551998,-0.104432,-48.09,42.28,-14.84
348,0.012688,0.323544,-0.534848,-53.48,43.82,-13.09
349,-0.000976,0.399184,0.05368,-56.84,46.83,-10.85
350,-0.008296,0.33427998,-0.466528,-61.88,48.72,-9.17
351,-0.009272,0.327936,-0.319152,-66.43,51.66,-7.42
352,-0.001952,0.368928,-0.100528,-70.0,54.95,-5.39
353,0.000488,0.297192,-0.612928,-74.83,57.19,-4.27
354,-0.002928,0.37429598,-0.105408,-77.77,60.69,-2.31
355,-0.006344,0.35624,-0.40894398,-81.41,63.420002,-0.63
356,-0.009272,0.344528,-0.460672,-84.63,66.01,0.91
357,-0.022936,0.410896,-0.103456,-86.38,69.37,3.15
358,-0.027328,0.35136,-0.59292,-88.97,71.33,4.9
359,-0.03416,0.40455198,-0.2074,-89.6,74.2,7.0
360,-0.043431997,0.425048,-0.32744798,-90.44,76.37,9.31
361,-0.044408,0.39235198,-0.54216796,-91.0,78.26,11.41
362,-0.04392,0.454328,-0.137128,-89.6,80.92,13.86
363,-0.049287997,0.400648,-0.562176,-89.18,82.32,16.1
364,-0.048312,0.416264,-0.344528,-87.01,84.56,18.48
365,-0.052216,0.430416,-0.291336,-84.49,86.38,20.79
366,-0.054656,0.384544,-0.60267997,-82.39,87.57,22.82
367,-0.066368,0.44017598,-0.206912,-78.4,89.46,25.2
368,-0.077104,0.419192,-0.5124,-75.04,90.58,27.72
369,-0.096624,0.418704,-0.45237598,-70.77,91.7,29.68
370,-0.114191994,0.449936,-0.267912,-65.73,92.68,32.27
371,-0.13029599,0.398696,-0.61244,-61.32,93.17,34.58
372,-0.155672,0.43578398,-0.28059998,-55.23,93.94,36.68
373,-0.192272,0.421632,-0.446032,-49.7,94.15,39.2
374,-0.23570399,0.38991198,-0.507032,-43.68,94.15,41.37
375,-0.29036,0.432856,-0.247904,-36.75,94.29,43.54
376,-0.351848,0.389424,-0.560224,-30.59,93.73,45.71
377,-0.4148,0.403576,-0.320616,-23.31,93.52,47.6
378,-0.484096,0.40504,-0.351848,-16.31,92.96,49.63
379,-0.55144,0.388448,-0.50508,-9.59,91.91,51.45
380,-0.61976,0.44164,-0.218136,-1.96,91.49,53.2
381,-0.691008,0.41968,-0.472872,4.55,90.3,55.16
382,-0.75200796,0.43578398,-0.34208798,11.4800005,89.67,56.91
383,-0.804712,0.46116,-0.271328,18.41,88.9,58.66
384,-0.84716797,0.44798398,-0.479704,24.29,87.78,60.48
385,-0.874008,0.495808,-0.21569599,30.66,87.36,61.88
386,-0.89059997,0.49824798,-0.38796,35.91,86.52,63.77
387,-0.90279996,0.513864,-0.36356,40.670002,85.89,65.31
388,-0.912072,0.564128,-0.222528,45.57,85.54,66.99
389,-0.92183197,0.550952,-0.455304,48.86,84.77,68.74
390,-0.93256795,0.598776,-0.248392,52.57,84.77,70.28
391,-0.953552,0.609024,-0.344528,55.09,84.49,71.89
392,-0.97112,0.603656,-0.415288,56.98,84.14,73.57
393,-0.996984,0.644648,-0.237656,58.94,84.63,75.11
394,-1.0248,0.63049597,-0.45481598,59.43,84.49,76.72
395,-1.04432,0.65392,-0.32305598,59.99,84.91,77.98
396,-1.072624,0.681736,-0.345992,60.2,85.26,79.17
397,-1.094584,0.674904,-0.47482398,59.29,85.61,80.57
398,-1.107272,0.711504,-0.30060798,58.8,86.38,81.76
399,-1.106296,0.715896,-0.48556,57.47,86.87,83.16
